{
  "project_info": {
    "project_number": "341567551534",
    "project_id": "bite-buddy-test",
    "storage_bucket": "bite-buddy-test.appspot.com"
  },
  "client": [
    {
      "client_info": {
        "mobilesdk_app_id": "1:341567551534:android:ccf83cec6a86a7942847bf",
        "android_client_info": {
          "package_name": "com.BiteBuddy.app"
        }
      },
      "oauth_client": [],
      "api_key": [
        {
          "current_key": "AIzaSyDK64eEN7Yxtrce4RSuR0wz3uP-v0n2Qj0"
        }
      ],
      "services": {
        "appinvite_service": {
          "other_platform_oauth_client": []
        }
      }
    }
  ],
  "configuration_version": "1"
}